domain, url 
domain, url 
www.google.com, http://www.gstatic.com/culturalinstitute/sitemaps/www_google_com_culturalinstitute/sitemap-index.xml
www.google.com, http://www.gstatic.com/earth/gallery/sitemaps/sitemap.xml
www.google.com, http://www.gstatic.com/s2/sitemaps/profiles-sitemap.xml
www.google.com, https://www.google.com/sitemap.xml
dailymail.co.uk, http://www.dailymail.co.uk/newssitemap.xml
dailymail.co.uk, http://www.dailymail.co.uk/sitemap-articles-year~2016.xml
dailymail.co.uk, http://www.dailymail.co.uk/sitemap-articles-year~2015.xml
dailymail.co.uk, http://www.dailymail.co.uk/sitemap-articles-year~2014.xml
dailymail.co.uk, http://www.dailymail.co.uk/sitemap-articles-year~2013.xml
dailymail.co.uk, http://www.dailymail.co.uk/sitemap-articles-year~2012.xml
dailymail.co.uk, http://www.dailymail.co.uk/sitemap-articles-year~2011.xml
dailymail.co.uk, http://www.dailymail.co.uk/sitemap-articles-year~2010.xml
dailymail.co.uk, http://www.dailymail.co.uk/sitemap-articles-year~2009.xml
dailymail.co.uk, http://www.dailymail.co.uk/sitemap-articles-year~2008.xml
dailymail.co.uk, http://www.dailymail.co.uk/sitemap-articles-year~2007.xml
dailymail.co.uk, http://www.dailymail.co.uk/sitemap-articles-year~2006.xml
dailymail.co.uk, http://www.dailymail.co.uk/sitemap-articles-year~2005.xml
dailymail.co.uk, http://www.dailymail.co.uk/sitemap-articles-year~2004.xml
dailymail.co.uk, http://www.dailymail.co.uk/sitemap-articles-year~2003.xml
dailymail.co.uk, http://www.dailymail.co.uk/sitemap-articles-year~2002.xml
dailymail.co.uk, http://www.dailymail.co.uk/sitemap-articles-year~2001.xml
dailymail.co.uk, http://www.dailymail.co.uk/sitemap-articles-year~2000.xml
dailymail.co.uk, http://www.dailymail.co.uk/sitemap-articles-year~1999.xml
dailymail.co.uk, http://www.dailymail.co.uk/sitemap-articles-year~1998.xml
dailymail.co.uk, http://www.dailymail.co.uk/sitemap-articles-year~1997.xml
dailymail.co.uk, http://www.dailymail.co.uk/sitemap-articles-year~1996.xml
dailymail.co.uk, http://www.dailymail.co.uk/sitemap-articles-year~1994.xml
dailymail.co.uk, http://www.dailymail.co.uk/sitemap-articles-year~1993.xml
dailymail.co.uk, http://www.dailymail.co.uk/videositemap.xml
dailymail.co.uk, http://www.dailymail.co.uk/sitemap-channels.xml
dailymail.co.uk, http://www.dailymail.co.uk/sitemap-columnist.xml
dailymail.co.uk, http://www.dailymail.co.uk/sitemap-topics.xml
amazon.co.uk, http://www.amazon.co.uk/sitemaps.f3053414d236e84.sitemapindex_0.xml.gz
amazon.co.uk, http://www.amazon.co.uk/sitemaps.1946f6b8171de60.sitemapindex_0.xml.gz
twitter.com, https://twitter.com/sitemap.xml
yahoo.com, https://www.yahoo.com/beauty/sitemaps/sitemap_index_us_en-us.xml.gz
yahoo.com, https://www.yahoo.com/celebrity/sitemaps/sitemap_index_us_en-us.xml.gz
yahoo.com, https://www.yahoo.com/digest/sitemap.xml
yahoo.com, https://www.yahoo.com/katiecouric/sitemaps/sitemap_index_us_en-us.xml.gz
yahoo.com, https://www.yahoo.com/movies/sitemaps/sitemap_index_us_en-us.xml.gz
yahoo.com, https://www.yahoo.com/music/sitemaps/sitemap_index_us_en-us.xml.gz
yahoo.com, https://www.yahoo.com/news/sitemaps/news-sitemap_index_us_en-us.xml.gz
yahoo.com, https://www.yahoo.com/style/sitemaps/sitemap_index_us_en-us.xml.gz
yahoo.com, https://www.yahoo.com/tech/sitemaps/sitemap_index_us_en-us.xml.gz
yahoo.com, https://www.yahoo.com/tv/sitemaps/sitemap_index_us_en-us.xml.gz
